age,monthly_charges,tenure_months,support_calls,churn
36.917620528462884,20.0,21.841785541824205,4.8884211054668665,1
47.07477781356818,26.842591842574166,17.656155550266647,1.4078533422820072,0
37.3470244594082,50.79686828047063,3.0774119414004275,0.0,0
45.747009000715316,32.148939354758426,15.09288229316518,1.1105086349392097,0
52.39079657566148,25.705974819692653,20.545134721867445,0.0,0
47.181643178448795,26.879379803991373,18.102632104184327,1.8132367846463864,0
43.58629640653971,39.05269583748666,11.129164043871294,0.403719679316648,0
45.90324548999258,40.9321744672715,11.28075561846519,0.0,0
35.89581178591737,32.67433070906029,10.245386279376673,4.251601214083314,0
41.14876465101594,20.0,20.400125182320647,4.810102360688198,1
46.34550646425284,33.35653276226873,15.249189659672634,1.0905691651209897,0
52.49861452368126,32.5342431472991,17.903317496758778,0.0,0
43.54485144342787,24.659787361996273,20.166426025857554,6.538794837699833,1
50.41722617819342,34.83241640104641,17.084227323487625,0.04770221782889328,0
36.22735624710279,20.0,12.381659049517388,2.9570272250101834,1
47.16403333921009,26.983301528634442,18.599533273001796,2.395459381782741,0
42.519217920745206,20.0,21.888359394473216,5.590056834992618,1
53.11627621341124,29.356571871451752,19.70880305740965,0.0,0
40.58445234463718,20.0,18.50501231060963,3.6816409632267586,1
38.5156349455222,33.05043061235615,10.199643831420465,2.097939701415893,1
44.59079812518753,27.984806355756664,19.92549396933331,6.259506956290606,1
36.348354855654854,20.0,18.657023350355672,3.546687766661311,1
51.19250897168886,70.41653788696749,14.24698816644977,5.53156408677501,1
49.601907938829136,54.179655649096,18.089881347404692,6.840423768536415,1
49.20668600652821,60.22924215460553,15.40530627542509,5.820147002809371,1
46.06003948660981,33.47992559288373,20.228357125654853,6.778409762071907,1
44.790839650021354,34.3102722578541,13.293257925618398,0.5165463740279437,0
40.30192584269788,20.0,22.538192156491274,5.16309436035529,1
46.11114111196385,51.491064721721244,14.331111104351967,4.988360222655559,1
37.8125477831784,20.0,20.289774566326443,4.400564203217788,1
49.7510635901971,70.69722767181416,13.413588672906638,5.908999189767842,1
54.499657272616844,31.782971723906833,19.278387260192538,0.0,0
43.189437026558316,35.0421342834712,12.721228300157625,1.429608747139978,0
46.94124785758458,42.43188634693282,17.997037446462436,5.930738119468137,1
48.518138954619644,57.34024690132093,15.891806356073442,6.179226542812677,1
47.70022281823777,20.0,22.01704758649729,3.505531918439013,0
43.723563039781276,36.186176425943756,12.792073399902717,1.3543300127343585,0
41.58833246167299,20.740059395530682,17.82080747002284,4.615626785683157,1
51.612465035564796,20.0,24.886964466916147,2.7120215129637417,0
47.90726093965091,45.520646748956715,17.705700010791322,5.602563580032028,1
43.21991912908573,50.4222106542414,11.818500868021793,4.4077484009717995,1
47.68045735574125,24.65735465965065,19.45506304387313,2.2893488057185793,0
40.015761507326296,20.0,17.29070538529913,4.198870598672822,1
40.088435921113586,20.0,17.650353689217066,4.1007622265743535,1
50.84952254585246,20.0,23.69604601631523,2.448839764727218,0
48.9270533696098,30.726765741618635,17.048941863678657,0.19751455275413532,0
48.10496356372554,20.0,23.418226091169096,3.859463429965373,0
39.255843198195116,20.738088340077965,16.55845561233706,5.201948423846522,1
46.28634626370214,36.90304659428065,13.822589928939449,0.5075867017415021,0
54.90035171374646,102.20784906615378,9.616906772955263,5.618251375380913,1
51.016830596758396,26.744646046445688,19.684206043730114,0.2760374020289271,0
59.74773953838787,20.0,28.94799367819947,0.2749228802455761,0
45.50604240749176,30.626421585846874,15.225080754814673,1.0622294439339943,0
47.21727537941416,22.996524999692404,20.064253102088895,2.9107870361379753,0
42.190956248346524,43.25823439944027,12.64853969665725,4.318706309970081,1
45.472330389676884,20.07435501125627,20.22707317763019,3.7968570839249196,0
43.3804856260427,24.12412636740905,17.062192245999775,3.1615227593196136,0
30.64012660275214,20.0,20.490992447803833,2.088278316034783,1
41.285154250262096,20.0,20.511945026041715,4.2186872710905305,1
47.7699248000007,70.16816816992687,11.532350800500952,5.39031607533428,1
35.78448088181625,20.0,20.501584339269662,4.052964218919587,1
53.37144534212016,20.211605935509045,23.660379695461124,0.9295129180917252,0
49.405867709144296,72.75849051888184,12.670699698738389,5.9251623100919,1
48.381687989324966,20.0,24.018354718044716,3.9592750935409886,0
48.18319747651328,65.05086994673368,11.956937218805342,4.178764534910452,1
44.073099195421555,31.686159170117104,14.93374214612026,2.224023370660758,0
43.95694169894744,77.72994328866403,5.515784777802196,4.0094649486469685,1
50.355217791597525,33.12277873130908,16.652326719218244,0.0,0
45.59733088719229,43.066359535712394,16.89206943433764,6.022510542355848,1
44.71197745605118,20.385051022655745,21.55982588246806,5.965953768230514,1
49.984194098281975,36.021450823478204,15.345747379859212,0.0,0
48.481049065238494,54.19068793523279,16.587932749354387,6.1513962953674035,1
42.98756607257773,27.442016248074268,17.932781167177424,5.298465513577463,1
45.644025347592375,26.28774129600889,17.880759653376106,2.7105999427423235,0
39.425357574499486,28.337635171992165,13.724393554087955,3.94620176397926,0
36.95360776869617,20.0,13.71836713556507,3.7178544550600434,1
49.397040056303325,22.92133441753745,20.359614958470427,1.3809751825896917,0
40.74617156715372,20.0,20.86723882449483,6.829941698652061,1
38.57798383437836,20.0,17.373532335556874,4.040505277050113,1
41.628631600136785,25.937262589754635,16.099234827569532,4.0559887771372045,1
42.78668826627941,25.951863966557404,16.360443944308514,3.370812325966405,0
45.459310986226626,32.371031529038426,14.737039507885926,1.022747009599958,0
42.4407399225713,21.67531080768148,19.540100267165805,6.011864242314644,1
49.71944553321721,21.789397253787534,21.507397770252457,2.065208265689585,0
53.27028586828526,33.839688265250516,18.626963426269278,0.0,0
44.96380835658288,41.03697126222106,17.20879432681503,6.373447962463908,1
48.15079457584454,31.97569791873414,17.096723998347375,1.225414262453822,0
42.39679360635752,48.36175090154365,12.013258836010014,4.777285182922811,1
46.87776382351632,54.67537387688406,15.22218021982614,6.138629254863962,1
47.14862489555994,31.79837238153064,15.954937854055066,0.7796029608193882,0
47.25557843826287,43.629577376053234,17.07950603625683,4.978963287003054,1
41.25534054781366,20.0,19.040066848043924,5.860409381159526,1
41.04168372865586,20.0,21.52533728445311,7.034997271398268,1
38.389787111005205,51.14177392109646,3.430745134079757,0.0,0
47.26018390496917,32.81574029631915,14.607950871772708,0.0,0
46.737193344510146,60.81485881426153,12.311423290818029,4.681647186896377,1
38.29322571337068,31.934959435541206,11.580750576209883,3.4980273902149914,0
48.38503493198304,22.74273633437624,20.62390600315573,2.47253189379846,0
47.35685732908563,28.655778317882692,17.028469439664676,0.9579547512526658,0
47.93673321193429,34.79076701317834,15.600516701507171,0.5073264132239563,0
49.96282980634636,29.04426299489506,18.23614213054634,0.1825191890550668,0
44.02562679401484,36.03280442447627,12.741402347557191,1.0056514173534012,0
40.552723766408086,20.0,21.180450963997195,5.409439732074594,1
52.27378258927687,20.0,25.569348265634037,2.7104392488413187,0
42.51775690070704,38.27429269566012,10.995018890951464,0.9539527377617523,0
50.87605053464652,71.56795104923442,14.595519161456787,6.474967427840342,1
36.577114518492635,20.0,19.66572407694762,4.7643384755261735,1
41.86500396450257,34.29473114136778,12.909248692517547,2.553325501420214,1
50.79904410841189,78.37728390679177,11.893804679201974,5.3655440544493445,1
45.332084347462185,48.763258968910044,15.702290601638305,6.427557253100331,1
46.89536791285707,22.26641791988211,20.145803921695887,3.0807790545182145,0
46.78343715959711,51.52540622063298,15.738945481492742,5.963691092382249,1
43.055584829350344,22.79668010550654,17.779849233510028,3.871144448240753,0
43.062012241598,33.65783895715341,13.225763002549002,1.7267445467107732,0
47.53669294338708,25.64223870909423,18.53829316601263,1.6681798966511738,0
51.13880028992434,24.05090502347608,21.406186011418214,1.3485290206880312,0
38.54347638404577,21.86391407791158,15.289481729158819,4.7119829184894,1
47.613824830729335,22.074237545710723,20.790462581524984,3.128490349612893,0
40.88452690433231,41.78410527359221,11.894381192633432,4.214130339198135,1
49.79945785469672,37.62098479933309,14.368357470996095,0.0,0
42.19118912590663,33.041925802037156,15.21099328934448,4.458259821699586,1
50.36849765617047,30.63013897462453,18.057819075746565,0.05865196978284537,0
46.03837096380259,30.290978801834413,16.2774587469129,1.672702683272132,0
54.494881169521335,30.250929332623812,19.788146214278072,0.0,0
40.129043802749734,36.798712794613934,11.333333906471516,2.9467332413049925,1
38.22900572718395,26.147437608391776,13.559668410235862,4.204709333579452,1
39.288578630830976,20.0,21.120153607123996,4.997733768279758,1
45.23051061243429,35.19863549682738,13.597068113555206,0.707781055495091,0
49.98330839622351,73.08696754658989,12.41127852159373,5.242896577253008,1
35.4694522848653,20.0,21.02761735358547,4.768698033760472,1
40.5182152341353,20.0,17.59103941956704,4.766433440250607,1
43.13131169435047,26.603963446632104,18.387672802583495,5.455301726112802,0
46.84455251402676,55.33607586300576,14.864198015218406,5.948365576033165,1
53.254718756523,22.093476181342485,22.890353860471087,0.677692732858111,0
46.26453525698675,32.098114847969825,15.719944091465795,1.3445479327782675,0
41.5694319224265,29.522375000142972,16.064569724295858,4.997092148816593,1
49.125682631752646,55.038810406043936,18.411904211336,7.813503985668573,1
47.04699605116664,35.81259134527928,19.00198514606341,5.21963266277302,1
50.4376227806482,71.0007059021703,13.832650622952626,5.866572555578243,1
44.036109140525035,47.6677462994079,7.723125748793568,0.0,0
50.77057588927991,30.20766333287016,18.43809497595574,0.02495099072060647,0
39.332247089567396,20.0,24.531550503653257,6.990290727993638,1
41.83750319135967,28.24293859805504,15.394846246279076,3.711799745752671,0
45.254431440499545,40.348310261144206,17.132700322667176,5.86801161938457,1
47.843494284601455,36.937973766571,14.52430438001777,0.0,0
49.81209582884679,71.5019824377662,13.346931321725897,5.993758670852124,1
49.86991693565675,24.40525939455689,20.533799220533467,1.5576468145162123,0
46.890871979205855,30.542878311384957,16.205067856924536,0.9429046318025072,0
44.205051879077004,27.65293110015531,16.225685036796904,2.47323999123342,0
48.23456778683147,34.94343622004653,15.019465105070605,0.0,0
50.17700236279969,21.603514176923227,21.385140898819188,1.4995816106630855,0
44.28800480578236,25.953819773211052,20.772551619505606,6.908986071480482,1
47.360056617134234,27.136781196015583,18.09768188573036,1.724640422248187,0
43.34984444317186,20.0,23.402579519171088,7.26022761969439,1
48.12401333018928,33.186923420882536,15.353578439111748,0.0,0
45.13024212714678,52.772563967628436,12.47136460241075,4.121776034007427,1
45.22221927654227,20.0,21.78680635407555,4.540269348864642,0
45.7698172250694,39.94220530605703,17.792312190790817,6.047185887592549,1
39.45389274936128,30.96030139337961,12.170569985815034,2.9117349030548523,0
47.062336837050836,22.148853595684944,19.689307709677976,2.4134681180425246,0
41.176096548690566,20.0,19.830091353864944,5.880005839428675,1
43.53520672795595,20.0,23.666738689782083,5.962859321113669,1
37.58296721081014,20.0,20.34236347806207,5.606677589697508,1
49.8051461219587,47.93091673314512,19.73134243457434,6.835783041681934,1
52.53065498234522,24.347261664949094,21.94399489084352,0.8407797015853884,0
55.931090921914674,20.0,26.819976210157833,1.2870588558661202,0
43.72768144140455,39.948752248055186,10.973098936439088,0.34736960158981134,0
42.94034523378426,29.12278653918396,15.755650399168314,3.405576052469686,0
56.12372482778035,28.76029337988139,21.352738736516606,0.0,0
47.200585757615926,26.102023364469616,18.993384688619678,2.5647703334233904,0
41.52611790294,35.43566784019648,14.626707837743673,5.001884440404261,1
46.15857595852638,37.3822696846557,12.519079104243458,0.0,0
49.856608403710744,20.0,24.429641433027776,3.501228679471177,0
51.8316299438952,32.628985952149876,17.88588382553913,0.0,0
45.145403838310514,25.29822622404111,20.650175525098284,5.885529172827621,1
40.03811028155454,20.0,16.38547801353964,3.908536413423056,1
41.440646355746786,20.0,17.579187571309184,4.233569038521781,1
48.43377815152723,20.0,23.81650437265951,3.837976958334427,0
48.550926533968344,20.45929315042808,21.529484378280742,2.726418813907233,0
46.48441547670237,31.579609450117662,15.892732824507135,1.2133674638004959,0
45.191016393181286,34.27979365928044,14.075736036314629,1.023515120594979,0
41.260257351762405,20.0,21.428502704609325,5.188018403066966,1
39.00194650585576,32.987590670338975,12.089161855904852,3.7283065521171723,0
36.55387906170964,20.0,13.046605633587314,2.9565184573949685,1
47.220298903340534,26.3196349903367,18.38415114941031,1.9419169298964256,0
44.541828706271424,28.385907522989577,15.910500828031171,2.037366997146826,0
44.04913986929205,34.50647933055082,13.860318923097978,1.807433626914714,0
40.39319423821131,20.0,18.490016151678702,3.483704781144272,1
40.18101829803838,20.0,16.679856563724634,3.69604826723734,1
40.92569742580644,22.939665874980882,16.48307954833747,4.287352485581112,1
47.20584821061762,52.65812879447216,15.606161218199293,5.757856270705225,1
46.169604457523526,50.58540292173534,15.259733194251396,5.714627547320159,1
54.163665564372266,40.27105541513066,15.026592011196936,0.0,0
48.36016714197449,35.99992396663364,14.241458197631854,0.0,0
49.39966456754374,28.77995249125445,18.601030321137294,0.9841377989430713,0
39.10926522747425,20.0,17.260288442319606,5.354100285075541,1
43.487740128722365,28.3659191943776,18.048032063688662,5.2429692132004835,1
47.887660112869675,21.396542769105302,21.182455807924335,3.149155063504323,0
44.64466668027604,29.553074420609192,15.276983049166548,1.5643241656130056,0
47.45062426115081,59.66395047318122,14.466364781374102,6.127912669765135,1
44.855060721943964,20.0,21.30617660730945,4.871963927856922,0
49.04319682053749,20.0,24.52390741579847,3.711612812041997,0
48.221394710059045,25.052197706537015,19.59492661833952,2.08926862663321,0
41.90648097740066,24.202270164843203,18.690573000929632,6.191581641321386,1
39.38846979577061,26.452942628183337,14.223654560625366,4.031849584838458,0
43.4367753954853,32.626956881463556,13.478088277132288,1.4191541307296476,0
47.979503574509245,20.0,24.076231496624295,4.252613705918794,0
50.48052233896601,21.559032182032468,21.692677219323706,1.5675308961794345,0
42.239688426717784,28.865674299253893,14.66852011594483,2.745185660992619,1
48.451235059178835,26.559500318875596,18.733756536210826,1.3500291724072127,0
38.52312329618794,34.08948570185684,10.666863993096086,2.8691235743954744,0
48.82764355905255,21.63537911560153,21.046161002693296,2.272952245114074,0
42.283096151742185,21.36028223883688,20.020439764482685,6.585170068989094,1
45.46333408552151,37.474584831014056,18.09514864768195,5.9946476681593115,1
37.332087899089046,20.0,21.354970607660857,5.64183348920705,1
42.58836163901522,41.885465275715646,13.057708323527512,4.074095043348772,1
39.900415873216204,20.0,23.708455396164936,5.790038758691255,1
50.842981035968975,23.018308720315765,21.136637261123926,1.0363092846017814,0
47.6502792615522,27.96154474646491,18.051501437792126,1.644275588165626,0
46.20094484723202,33.04251647380238,14.785283272649512,0.6260594896038212,0
40.756587660588714,37.88101329566173,13.865592401492536,5.454312701999664,1
48.07385419250663,25.863694817956237,19.24080618095983,2.0383513062001763,0
44.87629225930375,30.454105788558387,14.909905076002387,1.2039113254310005,0
46.22588113416214,50.36974315875945,15.452526170444365,5.821159274067952,1
42.58291287899377,24.99124570550029,16.691078621511448,3.652741193985392,0
38.86282144608619,20.0,20.900988972263356,5.020631531868759,1
46.256384253846036,54.91824297101009,12.451314050250442,3.7097409238955255,1
46.17217399343537,38.093531575545676,18.74627387767974,6.267673707603231,1
47.383078562989404,28.22298133564896,17.81689924945455,1.6813636364683164,0
48.52792189481012,54.912075051022356,15.31070954918296,4.909679587915241,1
38.409081334432706,20.0,16.795094037176057,4.225460552112734,1
37.98187533686491,20.0,22.88117718547162,4.141318110584708,1
46.33280067438763,27.217658329220402,17.15918154114953,1.587940727148455,0
44.44215851193391,34.15030244209581,13.513227197753203,1.007346122307474,0
36.776784581108735,20.0,23.404888878591954,4.597088702731471,1
48.65068335111492,24.606429376510373,19.825126391910352,1.8634248310800146,0
43.14287493512788,20.0,21.31332478879588,6.067702049979345,1
46.6554950456743,40.47133686626202,18.42786312212978,6.131403693412921,1
40.46205199597332,39.4084893512223,12.7504875760359,4.884708291773694,1
47.84409642547903,25.33573667746034,19.016609493303257,1.850727317111907,0
44.725846788838275,20.96021790281668,19.608904225888143,3.981274255985559,0
38.02808567205218,20.0,14.65181043342314,3.8376707494408295,1
42.56220315323554,40.81530948102889,9.718147816382789,0.186206848942585,0
49.53799314252095,28.88252622427078,18.90392316794147,1.2239511880560408,0
52.11251846675322,20.0,23.872361652116137,2.1449094048656123,0
41.493887898608385,20.0,20.330310336246193,5.03957476839914,1
43.82536357080219,40.490484342164905,11.015313681968681,0.4515954971965104,0
49.341436309217286,81.5897056211453,9.010832650871272,4.286922160150567,1
43.74795549975097,47.41607098155272,12.682767482418505,4.125114699727239,1
46.11977218005322,26.86146464755364,17.646440390145067,2.204643563737947,0
44.92294376658115,29.2239851348751,15.97103909091102,2.0001590783292253,0
44.399287491430876,32.45546167381593,14.956523572483434,2.1740769835974714,0
52.29621426900288,76.17704609597881,15.568204243968353,7.534085613636465,1
50.1952875131595,20.0,24.776078485091947,3.380132700487754,0
50.072202714856964,67.40431157085253,15.844778786027401,7.430289938115925,1
41.55620655619691,20.0,21.67675641092619,5.28613759575634,1
47.26548346736584,37.30694532966609,13.744263110002823,0.0,0
47.23460562855329,22.684757948161803,19.891771264325065,2.627818057381077,0
45.93468824340557,29.493827507282976,16.08161789902973,1.340224372561503,0
48.59961324561541,61.86666194006996,13.822821915065933,5.033267905998064,1
40.495545826685515,20.0,18.917275469681968,4.7728398679168675,1
45.437657350572124,22.535223695977177,19.113995751325106,3.2529864798179875,0
42.125401457777606,29.313535431033785,15.086495141407864,3.4119235418523663,0
46.39968873465621,46.32349181880178,15.778581687394649,4.981206011180551,1
42.787036434042996,20.0,20.678600143982443,5.853313346270445,1
45.40757512854658,37.53958912449628,17.635536864606596,5.558412224766406,1
41.66019418869756,33.95980050841757,12.918994980388456,2.6492275125404614,0
54.280594391064525,22.0163554302056,23.204989459943278,0.13792888402517667,0
40.96275297316887,20.0,18.38247718908507,4.6750281227804,1
42.51049415784743,27.34670128456239,16.551241129711762,4.171892942286232,1
49.801641612775725,29.63175075744973,18.077982197051952,0.2981709066238505,0
48.73179597571664,29.317718387409307,17.508834270614038,0.49667519383508285,0
45.563666418274615,24.303359614146697,18.616414310112944,3.0640741026234335,0
39.90971620805243,25.580903105469726,15.143195158361216,4.368086935311741,0
42.852778499318774,45.175965143429416,11.555778737167893,3.070935563044049,1
43.042746266381904,45.475916299317745,12.670053049272656,4.201071845694269,1
49.407438106725394,39.392161190202245,13.3022940879178,0.0,0
40.94793722433506,25.525779389262254,16.433907265076467,4.885358384150697,1
35.20712790967512,20.0,18.941391578071794,4.18677245076024,1
53.5284647760149,25.96005260892686,21.70287269593757,0.15801703589997462,0
39.1485262834031,20.0,23.638599941692693,5.977398161820332,1
42.089046876322534,29.88166397195307,15.456616460497969,3.99229163416841,1
44.04058392987443,35.61941163335742,12.713962461202291,0.8561072360595974,0
44.003683785565414,30.097287952342196,15.10671922545947,2.0587550494535,0
39.23074167971595,20.0,19.894785615361812,4.337979389077693,1
42.0092526209443,24.22326849671792,17.281738969615198,4.578234854652603,1
51.031102287097355,30.081516543370398,18.847406191863474,0.2185672992963683,0
42.7290187903904,36.16645694877686,13.448352569963019,2.89876498386437,1
46.70907411689129,29.777701974589696,17.049169492532833,1.8155280077609408,0
49.515906834847534,61.55236694495785,15.32137252081436,5.811901112841445,1
47.27798379754516,56.86165204770804,14.514769033634751,5.599425863191146,1
50.02014327286561,32.369404027303155,16.5620277500588,0.0,0
51.24741342695254,74.69351675429945,14.157530838035424,6.496483545564303,1
41.36231955291796,25.389541620809947,16.07360529323611,4.109946557622779,0
41.098146845022356,20.389547433875176,19.570072728278525,6.839413186765102,1
46.076324078597324,38.18645727094033,13.436012873978903,0.5961613440868359,0
50.470660998537454,23.96618858146439,21.68042464612774,2.186293337566833,0
40.8732363611377,25.38818555903502,15.884111511674323,4.314441080700405,0
50.37801574903952,26.131523377826493,19.487478544215367,0.4399427299635179,0
47.32611063551027,52.466122934977335,14.58512133890582,4.496428953600952,1
45.41034042642729,46.33396918108973,14.296504885766115,4.203144918135811,1
53.52009866975895,33.99326866406421,18.115987304048332,0.0,0
47.933870289333825,25.740269424621673,18.859451790224803,1.7091802040880228,0
43.40231888773513,37.62849562977389,16.541807692943895,6.076734873380781,1
42.59002923296504,25.938925373880338,17.359962701028326,4.6199141516438775,1
39.605318145615755,36.76694025393607,11.012709318160809,3.029819648866501,0
37.63015841218644,20.0,16.462061991875466,3.7399402578393888,1
42.50809783934311,31.87157913877442,13.801187656349958,2.3551905967389533,0
32.33869964897015,20.0,14.812062007936506,1.7398826144533017,1
53.82292882377824,26.10869899958559,21.272725025070777,0.0,0
42.392828770711034,20.0,21.415487707348827,6.3483955532193,1
49.28387794755069,58.54961841746996,14.696905603318978,4.549468523334253,1
53.39000198807795,22.258641097145425,23.767184657233223,1.5605751924780702,0
43.05289157653424,42.61558802967979,14.027871066588158,4.92824618077182,1
42.59907941403932,21.54074012560325,18.632700780046196,4.856935945769644,1
37.86598396761227,20.0,19.344229142327194,4.6952933226114535,1
46.95214542129179,29.974120699453568,16.15786155641826,0.6926794117669077,0
47.54440222156025,28.786022559180132,17.231373921696495,1.0548231969557997,0
51.89898993484805,30.116470072271827,19.113572257417363,0.0,0
42.88009938613318,27.561298304967128,16.275950036276924,3.6174923645817865,0
40.59954693757874,20.0,19.824883892102413,5.075537553164708,1
45.4120255379788,26.267808245821893,17.461818774642815,2.4446830585971795,0
46.392448655345085,49.1245402078967,15.70732275771932,5.635658178644489,1
34.913934841447976,20.0,18.424815037049054,2.3538754438185596,1
37.27433537789801,20.0,17.034304329905705,3.8897810254915135,1
44.16039329068498,27.236767542169744,19.13682573878159,5.569455650261766,1
46.971390440828415,38.66644472935623,12.823373434350204,0.0,0
35.01820817760274,20.0,23.685981619242348,5.450741111106403,1
46.4959526702099,27.49912817985013,17.17541652459105,1.5414491929384528,0
43.31319227996606,40.63964670775048,9.568243505667311,0.0,0
44.446514331061564,49.44346329362688,14.325050259642198,5.8498844581621166,1
44.28875080587295,33.308607506819854,13.875770692762853,1.3124789545391076,0
42.865814328702086,37.07922941016744,11.399789590413118,0.7920752113149274,0
41.310575503470886,27.061186051827416,14.935184666934767,3.3483298114264226,0
51.24640741098887,20.0,23.51289045686536,2.2326617245682607,0
45.52978423306894,34.15162319990715,14.046125846243232,0.6734344294886627,0
44.42942328132485,27.025491956673747,16.085164925324424,1.9692603614849276,0
39.91788047839684,20.0,16.457228869826945,4.291516821752293,1
43.3023329160756,36.094613370232345,16.449995001308686,5.663384395435231,1
52.1466936510267,23.28786122572046,21.47153315810616,0.3749626572636413,0
44.91425627817394,44.94430112706955,15.502109490812332,5.571238718570486,1
44.691146636765396,45.70737619617874,14.904418117518686,5.306332270829619,1
46.23298633842508,26.8848096105254,17.85815296176841,2.345848595370204,0
36.60714601890027,22.875571244122128,11.826046713355295,2.8339137973985467,1
41.24225447025933,26.65002676356764,15.293026861789663,3.688424100557927,1
48.506691272661506,35.970462901208556,15.337320885278714,0.047831872703262945,0
46.719505927827576,38.824733780981816,13.035420041190179,0.0,0
42.31166329356842,40.32622712660195,11.78493720003766,2.5180958727960148,1
36.98955143753162,20.0,19.844358857986755,4.445340080986021,1
44.87127491894085,37.10114372031179,17.102447372047923,5.315572675196085,1
51.618564371968205,35.809260066948795,16.700033397579016,0.0,0
44.1668003900674,35.04517797206894,13.18575041368917,1.1144189375980522,0
44.358658517291346,27.505999426537954,16.680097488219417,2.8003699384329446,0
35.13611753491075,20.0,12.481531323662773,1.2921572938936499,1
53.5022362743265,20.0,25.107986428108227,1.452258895209675,0
50.376691888682494,46.740038412182955,11.050780991108384,0.0,0
51.07031448459861,27.136606555108674,20.253879742362304,0.9523226161138738,0
42.34829290669745,43.63905703081967,13.286858586863339,4.979507838680629,1
55.99753135810258,31.009451589898642,20.967178640878952,0.0,0
47.08129178723984,41.21199622595099,18.24299245582683,5.764466571963954,1
42.61733676147124,33.81179305829053,13.591124816066735,2.5377057891965773,0
42.91502151087579,24.363238057001237,19.069668309275247,5.79819843643581,1
42.57234755430185,31.130472547431634,16.37657995164121,4.910482017516634,1
44.819330674923066,20.0,24.86676300970801,6.465995892093707,1
45.83190001452148,56.246085349487544,13.666190645386983,5.731987127772631,1
38.69983810673352,22.080178808827384,14.080673554392149,3.3217824227487993,1
44.61475914133023,42.45852972968738,10.856315957262153,0.12534988339789654,0
50.03931866329316,26.126988596493486,20.05986946414508,1.3459732635771278,0
49.871957950592694,22.880484466007026,21.217769764501043,1.9047690194593254,0
50.23955890797991,35.75855766886775,15.811616598833908,0.0,0
35.53740150047887,20.0,22.502320949081746,4.852615865119914,1
49.4427150408247,32.12483051148541,16.7674047422422,0.0,0
54.5637162882173,22.942370021240315,22.740645742441487,0.0,0
46.99924401128841,57.761768341133035,14.851316309359241,6.432977675423332,1
44.152673530404144,45.76723196660011,15.006178638437218,5.8849968944570135,1
52.72523147536053,28.018715494018448,20.21421444031031,0.0,0
52.68865032948999,20.0,25.018947114519804,2.032103276482194,0
45.37796657428719,39.75621398011578,16.376714493995742,4.78846012880441,1
43.03780441660406,31.939615021711177,14.146880424377391,2.303743484241859,0
38.93129507132595,20.0,17.7161343003052,4.8185096649840755,1
47.02978916639857,52.85856571491342,15.12272438098592,5.43188743589726,1
42.65592674669823,38.196636300565565,13.368025744379224,3.398920221024917,1
45.55680999121422,25.848666015298953,17.62591807610051,2.392901403079583,1
52.29338514771752,72.42203868627956,14.920566424561564,5.858914108821416,1
43.45713620332741,28.484660978263463,17.70407543203788,4.925324123664456,1
40.93976881848158,20.0,23.05092082324637,3.89609286388749,1
48.80692055955808,29.258697883760544,18.116413115175696,1.079137180829529,0
44.01298870312271,39.76693158324235,10.825007357404042,0.0,0
49.67319138872722,56.29964137770217,16.572647540948456,5.679569049230432,1
49.659800071055386,41.72656997106846,13.035475611845587,0.0,0
40.02770079483196,28.67540885783096,13.217843935988617,2.976611063807717,1
42.2261643076723,39.30263215500854,9.733909110395663,0.09371227417081673,0
46.594350314768654,28.384194519412276,17.25520780971447,1.7749205337554512,0
50.11344395219431,52.20771849687778,19.377271709419098,7.299908495919784,1
45.1099955598242,39.23677698952575,16.491540703822558,5.0039195862798165,1
38.985402642050246,20.0,20.824334903024738,4.807705887484061,1
42.99995141202432,46.186778278484105,7.3937436563215115,0.0,0
34.0788004655584,40.51937571678104,6.298263016766732,3.5179903827091543,0
41.41081155480286,20.0,22.7283795365447,5.672860552062074,1
35.042052586695114,20.0,18.215066063169903,4.32186196019561,1
45.20407523180197,45.787198044190156,8.678863901223547,0.0,0
51.139694566694956,20.0,25.521869661957,2.9367941650947147,0
39.36979456059535,20.0,20.036260163826775,3.661358475261049,1
43.27918449701244,39.44892060571318,10.698163643297043,0.2956454855185848,0
43.20452076712534,42.579800266807936,13.376746688028009,4.08331382767158,1
44.65679291827795,25.432852680932676,20.810444572255093,6.505313877369684,1
39.076855890050425,20.0,20.574016166726135,6.131070861353566,1
34.89388798639047,20.0,16.560096324955904,1.7153082217888183,1
48.68427411137473,27.976875666546693,18.423486677197367,1.1840287662023161,0
52.56019832420406,38.53485516363774,15.812808910611361,0.0,0
41.056200410366344,20.0,17.784987455642103,4.018080713874921,1
47.7194095467499,35.290767212118794,14.467059823261469,0.0,0
44.01471428739519,26.804333598204153,18.75737188868049,5.1670591018636625,1
48.10753877122847,35.96923475686628,14.693319015895863,0.0,0
40.617363154099735,20.0,17.338828962152544,3.544129529580803,1
42.13684455702863,29.39538005027326,15.706173860545473,4.097561422819909,1
36.92564000666811,20.0,18.10063123260732,4.551984174559815,1
51.97547278399696,21.04321904426634,23.248580099593774,1.8700948060164526,0
43.45995727753602,24.046321558498125,19.752380603573698,6.000782435960234,1
42.87104724321208,31.796444891923947,14.54033835759017,2.8347396651969,0
51.969272679665224,25.12451517387869,21.797209155182593,1.3542533308907956,0
44.60592508513386,36.58847254626734,17.51542749332548,5.85489411271781,1
42.923063327320115,25.93936264242002,16.332516113552582,3.222602217091313,0
45.02101207129536,37.01521983953972,12.634396983743164,0.3074500335237005,0
52.26120574456629,26.09456051166424,21.396481308087832,0.9244483050529615,0
50.60345939578735,31.938883913002385,17.704949237351848,0.0,0
48.60835304631928,22.25951612500971,20.711421900142902,2.254852765791683,0
43.606782944418995,29.559459657279543,14.325135761457853,1.4027326160207467,0
40.956107720346736,28.676770274379024,14.70931366382426,3.8191645879481255,1
46.64592149769394,38.184366026761445,12.254053375436127,0.0,0
52.17008533489472,29.525828442788683,18.74938671029217,0.0,0
46.85044696757823,21.2180935403082,20.61945653532937,3.362062937619659,0
40.26934494962473,28.006890108638554,13.870587944289447,3.3103297162836145,0
51.6408701986044,34.957837756835666,16.714728535117462,0.0,0
42.95795829445049,36.97577718625388,14.41267352128818,3.9650461328616027,1
48.88685686835762,22.947518269191065,20.555035868191965,2.029019862601505,0
45.82831477169214,26.594219954927027,17.729020413436547,2.4701173675993,0
43.353924627347595,37.69481276937688,14.749578130418824,4.185122021260201,1
48.63363114964688,27.61346715888358,18.428708256419114,1.1380867550596294,0
31.250313620555893,20.0,18.52084213263375,3.828303289883968,1
47.51230812931979,24.531528395833114,19.156454526018745,2.073227357850546,0
54.49773013628432,74.8028432305438,17.71034613601849,7.658162950260017,1
39.48551253459584,33.19686911008138,12.030354638593385,3.3122454882125907,0
52.20957752243886,28.146524673479966,19.928784921269944,0.0,0
48.74955794064978,21.496515027638207,21.164713077861197,2.431532330017482,0
36.87849290661282,20.0,25.135903868911534,5.491519502744655,1
47.54733278539059,27.723528959555637,17.750579551578884,1.3417762008985923,0
43.686579788911324,29.25703923790114,16.369903664402838,3.4814672823327752,1
48.89773906459821,57.79661587855438,16.900173798600967,7.075356419483711,1
41.35068442180661,21.156676162505295,18.525661257885872,5.689971829651998,1
46.65215863762944,31.29676152423581,16.225103941877535,1.3606486635477495,0
47.134884622136525,31.501271843991724,16.98633228969573,1.8360356837346905,0
42.927185397883726,24.061836568294424,17.04451568066922,3.5070499267140978,1
38.57059329581806,20.0,17.8113172966177,3.953021225172363,1
43.822133111242806,32.414979826418,14.435573731047821,2.0819012818066596,0
40.09934213135869,33.82826510388882,11.432083098981796,2.309325224313403,0
42.28425757015168,20.0,19.920083582338755,5.386588286855774,0
40.56547287206482,27.132182989475613,15.09243668497932,4.163866947102419,1
46.5430879371719,25.70988045773622,17.869360957841767,1.792991822671747,0
49.946620431350944,23.224969475680567,20.673510102480098,1.339295834770403,0
38.902169236991725,20.0,20.391287719040406,5.768138307226886,1
45.944544454472904,41.460919374844565,16.938341219047004,5.36504450411868,1
48.74822397265237,35.02366222574871,14.84349897777954,0.0,0
47.66866279635374,22.662685707995468,20.122255928557955,2.5080762025731524,0
40.66975518882798,20.0,17.838274785190137,3.047957487192227,1
43.088379082919296,35.30044413591801,17.175187729170972,6.426173367254247,1
45.6663228641018,60.361485707402224,11.210361960674538,4.266324566353125,1
35.051199004012936,20.0,15.644059240350833,3.8361142297599593,1
52.267027551588555,60.65423011742016,18.4272533888135,6.645818327282905,1
45.49197069038705,34.562519825692895,13.827139342819496,0.5734918494164676,0
39.89012367319667,20.0,17.696240775617433,3.765131423050854,1
41.44955703794688,24.868679564359542,17.938694809149503,5.930379183372454,1
48.78508529757812,26.22701169559012,19.648231145887795,1.9780425001591566,0
45.08341348165235,22.697253871974226,19.669215045836246,4.1965670314920445,0
54.13784510021506,31.24945260356045,19.988104442161656,0.0,0
43.90316448611155,36.20165845096251,14.890056187219226,3.4894678610609935,1
42.34960645618509,29.48467646067578,17.024524771695766,5.3759345317277605,1
48.08231724151616,37.010575816829544,14.421166369469102,0.0,0
48.33214105830954,54.89387300301442,14.473437392506286,4.158745634410247,1
41.872995178845414,32.38087229870059,12.829356581062784,1.9637417113910827,0
40.95496485853297,20.0,17.795137476044346,3.945489286907381,1
40.06120221852621,40.78147191448609,8.97345091742806,1.4689356744999862,0
42.827599085591636,44.6793906724375,13.01164820460463,4.547002055441207,1
44.09380418140591,45.83382412076006,15.878782637889763,6.90087851675512,1
48.69907654772575,31.118161153111277,16.444322393765372,0.0,0
41.70424482845794,20.0,19.013421053974366,4.118936778957204,1
42.52744704573096,20.0,21.19147389617271,6.069299183736845,1
49.89496272497803,25.680274754958702,19.5256082518918,0.7703756872121068,0
42.83142199164124,21.446148204147445,18.910843061766705,4.939735226171121,1
51.694046658522396,30.91089272199566,18.264957541765266,0.0,0
49.952078481089174,32.367309988865884,16.87967470993384,0.0,0
38.268154780430194,20.0,16.980338566241095,4.851886543311968,1
44.261274645287855,62.90745005383054,10.225870573641929,5.035864441965557,1
48.897718406746876,20.0,23.832628004222585,3.7883006057660067,0
49.59779086020108,36.1324512974927,20.79598122622783,5.110539647830107,1
48.77966283774883,43.02345144663776,12.63820315631811,0.0,0
46.43160729675626,42.102157643227315,17.793861483201248,6.052527659952551,1
32.84231297326915,20.0,21.007112671167306,3.806579667652122,1
49.91595193990929,28.1837619048348,19.056229456498478,0.8909486497699608,0
37.081561052027155,48.51926150044117,4.16254730655983,0.7448979207495161,0
49.03281326713305,51.56297109184208,16.955878681158552,5.407028029403361,1
50.369416342763735,34.78638736315261,15.649720620045791,0.0,0
45.40802148719074,57.00743832734678,12.50201731613568,5.019155576236017,1
41.36862035070939,20.0,20.61855459425383,6.443316479934344,1
53.36527311105017,26.20066730630768,21.72424061902636,0.38073959109932876,0
43.15987527626155,26.886704388918563,16.15790358171908,3.0791830956328976,0
53.89656573124869,22.450330478577563,22.60171861463289,0.0,0
46.87037162511026,44.887513540409515,15.48726539632789,3.896702217079957,1
43.919580211556934,46.62886573638474,13.285344548856514,4.432343714059362,1
48.98048446283708,37.84687667084346,13.204034189969613,0.0,0
39.099073125265285,20.0,15.600525454592319,2.725702067448966,1
49.92423909963809,26.337608668633536,19.182049007842984,0.5424206758976795,0
45.9702926070352,44.290477635249715,15.838570585457454,4.880421957479509,1
43.46399079358474,30.53964919097156,16.77346677395037,4.439853699430529,1
42.984576905134844,36.41341113050944,14.849901930936383,4.272531330169707,1
42.8919154144851,20.0,22.5964753051988,6.941538465242873,1
42.321273593513105,42.51103366386955,10.672708249009323,1.8663977613792055,1
45.35142280100759,56.6201861488882,11.876143362022393,4.285577047519119,1
51.42088355923063,88.19124501468025,9.831681283982077,5.143236995206262,1
45.7649877219733,44.59760862928663,15.640908237813576,4.9175226281290385,1
48.9239570615583,25.30211768466138,19.694280854628474,1.67175967201008,0
44.83689364939287,52.326341407715596,12.938200922438186,4.760424917114844,1
49.209319550588845,26.38189740529656,19.486475136709455,1.4857602244588164,0
45.07365296469521,38.83439865723339,12.173261768831553,0.23305827936325318,0
46.869322020961334,21.85262338926083,20.668618217424147,3.564112926074505,0
43.957986152313644,40.43596502170905,10.705495641756965,0.0,0
41.80357837320355,32.79647014389454,14.309322187078884,3.7395752020342465,1
45.015917684244016,41.34371565122992,16.047200286669497,5.145651755628173,1
40.13433264332807,20.0,17.136064981095313,2.5228229577014276,1
46.02297467243914,20.288398198642184,20.67237420796168,3.8740006486474843,0
56.29097394211665,20.0,25.877543397264883,0.632123727913843,0
47.76165943110616,32.72531951225149,15.864631801985542,0.40647116028531727,0
47.30702867521525,35.4100298750855,14.672654816325888,0.18766641118348737,0
48.509047713379516,59.37409533050517,14.99846461188114,5.742213081074092,1
49.77032606153165,49.602626042693544,19.569757268767937,7.122496223617933,1
42.821946831959124,20.0,22.799668955238925,5.217340352737894,1
47.089884269700356,59.688824290215976,12.260549343196224,4.038146075092082,1
44.284631509794686,29.91169575520647,19.415297772801864,6.4611595834099855,1
46.43099995220185,41.890358278117354,16.944843567865544,5.074648302347368,1
47.07033129199273,28.65246267292486,17.322217419016937,1.5173747371598403,0
47.40913293801776,40.530975417859935,12.917999978451974,0.0,0
52.99201628853392,70.83002155576186,18.03574700382481,8.247785644660208,1
46.694359239117574,32.14480525528761,15.904799797444936,1.1965506271639692,0
50.66478337113512,20.486381825490167,22.980260690756545,2.535272612447381,0
52.846701529681496,20.0,27.502066487636522,3.156422673550128,0
39.7481681826874,34.4751914441872,12.424384086274337,3.8514120233744835,1
40.50954508505222,27.32760975040685,15.46025414666011,4.661591945981395,1
46.37635287439639,34.50717132491321,20.4207505950805,6.988098056332143,1
43.28785572794829,30.119296892744803,14.44735913688621,1.9487444363810462,0
47.733790132434315,20.0,22.566852645563213,3.703374771688107,0
53.73157967728572,20.43598659737977,23.751251140248847,0.7838921082695323,0
42.37938867486674,28.379117692031862,15.611286914128302,3.527186537620399,0
47.19325282818902,33.652160222678326,20.411423471236546,6.069960178374962,1
48.3492362030976,26.004269601327977,18.927058632999504,1.5021113029121502,0
45.28531567851841,39.60449800826872,16.872976503845514,5.366795226242612,1
35.753757127004434,20.0,12.854991018711585,3.7175723285618956,1
50.81422858688379,27.531391464387408,19.60369140617096,0.5625819869745858,0
51.40550222723333,30.139288937892612,19.233021916629703,0.33838608496146083,0
46.65046537390104,60.06546473335288,12.643456659373241,4.921483285177558,1
52.229959667545984,24.435617402086052,21.874482534738267,1.0407325788522301,0
43.19293695506628,33.53316839403799,16.216748481897486,4.837810739602835,1
40.206158363467274,20.0,17.281665094061253,3.668257625829696,1
47.1773933668323,56.99825603673958,13.60549810239951,4.730307845833525,1
44.31230781520914,35.77902152266665,17.45308226383426,5.824032826018168,1
47.115709610125194,55.452591738619724,11.965122619037333,2.597300452911649,1
51.96267955443401,48.72263273598573,10.945990113548627,0.0,0
51.78803374370689,20.0,27.127557024539442,3.488806636036143,0
43.00601387600795,20.0,21.79575751286901,5.133321627422365,1
47.39002457677163,40.526220152349765,12.031328851726908,0.0,0
48.199238124206126,38.249525390389756,13.345427466326514,0.0,0
50.051871305045964,27.313294274044377,19.473072540929227,1.0045743330046932,0
34.01113335785472,20.0,21.43494656606805,4.584958630945696,1
41.77420528861039,20.0,22.594578074862184,4.878402583910633,1
49.26489561626962,20.0,23.25274504539204,3.1064471164441825,0
47.77459089549235,30.213377768838726,16.93470500179378,0.9085982860426602,0
40.7385823796182,24.568620109664742,15.881900573136289,4.2127957998497285,0
46.01966244190495,39.102571407428286,11.606301578702492,0.0,0
39.54419692672216,33.128949185920746,11.229678189158971,2.374412998649296,0
44.47600006066416,20.813736948479978,21.47420639622378,6.182200638415229,1
41.678630825949284,29.511268517406148,17.244890093093723,6.186327590159317,1
42.05617714752211,20.0,20.61731655871479,5.841599524265037,1
41.968128443277315,31.691173813879857,15.54652233078733,4.660615988927219,1
46.04293397646051,56.16648394650026,12.39914749581938,4.155830600923466,1
37.699585767939894,20.0,16.14590881271998,5.3133142331927745,1
57.04105230069692,20.0,27.498995602810556,1.037311278933736,0
38.55162832989317,33.291852655252555,11.490111045936324,3.5339396065414315,0
43.59351615631445,29.19602351420089,15.28089916389294,2.3593107126191053,0
51.63842814146588,63.036026849216654,17.742842006152966,7.046790990564861,1
40.38020231040127,24.856216680349654,16.894650931053196,5.690062439666728,1
35.28931622370331,20.0,19.35425451750676,6.033386414456805,1
47.86731090674671,27.160870413080445,18.897264902613088,2.1743811696224826,0
52.29454834052735,20.0,23.6172816222117,1.5525958914402842,0
52.207393703970425,21.84172243629351,22.140494286973237,0.6768471661843356,0
36.48602267046155,20.0,25.368849226059186,5.823285655071752,1
47.4115297347604,35.53296900542799,14.70916410139927,0.17142822415018255,0
47.66430627275587,51.42729360116276,14.889812898405744,4.274466209298744,1
42.27324282027072,40.13949957622854,13.381497088709347,4.238617209393952,1
42.845090241130634,37.86186059710181,11.641779683806504,1.2755245229342047,0
50.91417176052744,20.0,23.357574284649953,2.41835575920737,0
45.41033230198334,33.275420896083475,18.032784292030783,4.8831537255255775,1
41.761131906968274,20.0,19.65199085456712,4.836372227418518,1
46.67630234304157,31.99760222035139,15.680535753665986,0.9296374915410874,0
46.31212210441925,42.6521121608057,16.46703492933247,4.852216285193702,1
35.29432593380497,20.0,23.018512035528637,3.659588016988347,1
50.813957137377386,26.096178754803603,20.472954546158295,1.1364053851425135,0
47.52584313689135,52.145066293118646,15.145515322349505,4.854956179602068,1
49.21629247313025,30.864934704964778,17.693642429089955,0.6915407600387464,0
46.469511083924544,33.76557687786986,14.637183122628596,0.4266748839244885,0
40.22599585838916,35.43547984308842,13.597904863985127,4.975234573388712,1
45.53802918388829,29.284654491392068,20.714303250877826,6.6584346754559895,1
45.468030272312085,25.44927084792478,20.20466928282875,5.168986120573917,1
45.73220776428296,30.258628548627126,15.428433756984987,0.9980698555806509,0
54.87717117893558,20.0,26.981529967911452,1.9839589857713396,0
47.39865050202381,27.47658176432364,17.881585627328207,1.545214213952459,0
46.67833844838026,29.214076307689343,16.308484385638994,0.8896274367705166,0
51.25302040729789,26.32403004765905,20.52479192796327,0.8829034528027639,0
48.43336024235509,44.08951894345848,18.93606312662693,6.127929160001364,1
40.13266572174882,20.0,17.30092981800522,2.6129064612733948,1
46.79013671447743,56.945067214622604,13.721275558515591,5.167860791728044,1
51.718489086835646,61.55737901044192,19.187911165219198,8.168178986758361,1
49.29861569896309,35.3294290928764,15.555657490199868,0.0,0
45.19625629797104,38.973881692070705,16.22046476792076,4.568451141872714,1
47.99721431251978,30.751783126473775,16.735580201168748,0.6444646611876479,0
32.97924192151089,20.0,14.337484847014418,2.24123128393126,1
47.923713767495634,29.869839437165965,17.093826752265525,0.8673493417098781,0
46.20512075863314,35.68558426954049,13.907266865538086,0.35244426422274966,0
42.31390815723398,31.89502735399061,16.296137726391624,5.238273504381755,1
45.596467785516985,38.805488341164974,12.175251100089472,0.0,0
41.84974893957137,56.52976116637713,7.001645791389838,1.9023705154303063,1
39.994930297600064,34.866189683044105,14.059729094842165,5.524204492620205,1
41.689624095973805,29.246871682147656,13.870781821169254,2.438451852872363,0
45.84882310912828,40.89940727692302,16.232878199169424,4.532609608275079,1
43.318341063921764,21.425531176866638,19.60048638537186,5.275392938472151,1
36.8463454231727,20.0,17.4806829503003,4.3006866340095495,1
47.46318688096025,25.82576442233631,18.99840713027867,2.277985108321394,0
46.98171698799114,21.740550314941327,19.581101358408638,2.2577016023760463,0
49.94283668928523,36.467851224142024,15.663781342379837,0.0,0
41.02096539246863,31.232540856464627,13.099128470391587,2.6755348858608885,0
53.660696779954826,25.76850797825131,21.525446438019376,0.0,0
47.65162429883024,36.63307007302478,13.634375003694187,0.0,0
47.25233124232149,30.2944611207037,17.25123470976581,1.7127512265262816,0
44.395135998061455,40.10817240297471,15.62375367550112,4.88649745930015,1
38.65395141106425,24.36926281448702,14.998250711832268,4.951622461323879,0
54.679433140440594,20.0,26.08946311129096,1.4266335578769502,0
46.67228531710283,37.357834820708405,13.236163254669009,0.0,0
43.8296296323707,36.64729195864204,12.441328826617667,1.003185327867877,0
50.808919279844616,26.720102280405122,19.971297240198446,0.7566574831819377,0
49.80276716730413,38.77217204739421,14.577113429673425,0.0,0
42.35718140025759,28.738244243118505,15.004489365353496,2.97888045026596,0
47.0160239609135,50.28732402062742,13.546429973934451,3.0625445091337617,1
48.85318674084663,38.01021452225054,13.746449620087526,0.0,0
37.53686823204264,33.393430344461066,9.957346385006446,2.745704890681661,1
34.42547749151182,20.0,23.51911916054121,3.8805917816069617,1
51.990213550806374,73.19042216532944,16.626925273764428,8.16884347644735,1
44.3023209351086,35.650955569583125,12.774956634690767,0.7106960036456615,0
47.30847591218893,37.47241142335287,20.253905124283182,6.791804459868207,1
47.05043012407725,42.27008618705382,11.850299563411298,0.0,0
37.63382096198799,23.872027559608597,11.601541230706426,1.9852506550574294,1
42.433041599096626,26.60863764003806,17.87505390230084,5.485660277664493,1
41.69545355812733,33.46632603691832,12.623338554556256,2.1701237137780303,0
41.01211631103502,20.0,20.757533651145245,4.195084972119909,1
49.798939179638054,36.11892167916594,15.690774237599243,0.0,0
50.721960836879546,22.7019974686933,22.263624224699214,2.2818871520256447,0
49.3529128196998,26.842160845923626,19.592676575728007,1.5998962161764239,0
45.14659695149354,28.367757805278696,17.252110740444785,2.9838025138380937,0
39.03971701753868,34.91762754273438,11.665603747013991,3.736012136470403,1
42.662241483886206,21.251833077906717,17.71043820450965,3.725820201679009,1
44.2663601403119,29.3645161962653,15.348000086614906,1.9105889098029323,0
35.38309914668905,20.0,18.970566584758743,2.121384866826813,1
33.28254405542113,20.0,21.669271148920068,4.94122164874287,1
48.930792735390334,24.7784756549164,20.326640074535668,2.218152894809485,0
43.929961443707164,39.358863567726175,10.917157856886728,0.0,0
45.72622476848923,28.32125212391455,16.747610046586622,1.9359434037155143,0
54.59913184082818,26.90080480250288,21.897335119636452,0.0,0
45.903864584487984,43.89009234485807,15.492998787167062,4.456592641034446,1
48.518619937457615,65.18339629580052,13.066269605057338,5.137916078067498,1
44.49068236757189,42.407976744202685,15.152556330338578,4.889660372563399,1
50.21427288325445,55.05259831856516,18.10873996722728,6.572601360299868,1
38.60050177443788,20.0,23.354196941358722,7.129649518440285,1
52.642612055920566,77.59687954387357,15.325452002145077,7.346910741469466,1
44.387258633399426,36.51577054601528,18.223781494607206,6.790291953090434,1
43.86277572818566,35.65936889887647,12.751137384556264,1.0563059867982598,0
49.4859972137254,26.183966897611768,19.362506956326047,1.067138243046151,0
45.580656202152944,53.87066762057736,10.63466096910135,2.030034251686556,1
39.70372084574544,20.0,21.29326730086976,5.523822340890384,1
40.72942016763131,20.0,21.02438130782371,5.904261995199164,1
41.08760363880232,32.42303248761065,15.123420139483375,5.129935173550772,1
38.10259783047332,20.0,18.529704227881954,4.542091957200798,1
45.54112178550673,30.682514461294524,18.99916838024396,5.1524802979920725,1
48.83690682850701,22.156571265898105,20.523995710150697,1.8322579322474386,0
35.47136183010332,20.0,18.385509301067465,3.7660530314526746,1
41.97787826783491,28.901621326374766,15.01009603952328,3.3460361913009544,0
48.29863740783054,33.43521592386261,15.914928655423346,0.19393813024237527,0
45.96604058839156,33.679283423185666,14.93637667012377,1.1528077568066815,0
51.718197378423234,26.115296309988373,20.81334740035408,0.7518053367007238,0
41.76780228397017,20.0,19.75480334800578,5.4834278418059075,1
30.948903158432017,20.0,20.80778345559566,4.159170667174762,1
43.08006676910601,25.35170999310514,16.495755624904184,3.1159493228867228,0
43.99324347827738,34.43809067504702,17.058027799107265,5.314925418620724,1
34.703255688825436,20.0,17.546676961111572,2.694049695863388,1
49.62108147361553,29.449654730559796,18.438279421753478,0.7946079771243624,0
47.166606449282455,44.952902035337004,9.767404036591696,0.0,0
48.14843705777793,71.9842901971731,11.218256704932484,5.201251903092395,1
41.17311092523198,20.0,20.242571212618518,4.746192125768894,1
40.55391524386249,27.998025013840532,15.79551605752167,5.1627185900657455,1
54.27499515983477,28.80860390423679,20.29725135488342,0.0,0
41.12018926852142,32.00507753688774,13.585011582067146,3.3208689562089844,0
45.97379772478473,47.54362628109805,15.820760318164247,5.701142699707686,1
45.02719430124025,36.3340670357151,13.728249752377181,1.3155548202278287,0
50.10274170424728,64.55262903895046,15.234729063058843,6.0020583483333665,1
36.00666651085037,20.0,26.74676304117746,6.978444625199939,1
50.26739683876648,30.308141163593408,17.4786206722204,0.0,0
45.371538618455496,47.46828158292906,14.919189431268098,5.207014115895513,1
41.252395136034465,36.67297801949022,11.17275130956826,1.7955555242801058,0
42.382689024647966,27.374244863280847,16.791660831400172,4.54793402142638,1
43.898432396306916,36.03420933498583,17.511933932944316,6.301947329326455,1
46.08778511599483,43.72308127034483,17.189998190300212,6.1046470755577795,1
45.82352857369297,43.70208369138787,10.25477527414976,0.0,0
51.34356342976653,26.450363185844875,20.052543698342227,0.3258822266855308,0
46.86017905837472,49.13991497352285,16.438379740434538,6.041813659390492,1
50.132348167147846,59.60773961078581,15.363751833606702,4.8360770593808615,1
45.50834930411712,57.44940673795642,12.717783323068073,5.284082093807729,1
39.08052052135642,33.66867763700674,11.181016222215275,2.850965541318099,0
47.22557741388551,27.776266396167717,17.15558195608274,0.9786085621234148,0
48.13539142912548,46.15075862328122,10.445761484530186,0.0,0
43.286131519471205,25.992472146386824,16.385880694993105,2.989334648596498,0
40.30702961933979,20.0,21.40262155301096,4.851797004868084,1
37.96866038536609,20.0,19.274887263227825,5.205529145922393,1
46.635228985429464,39.251852172301085,12.444395583091415,0.0,0
54.52856536825049,23.24035756725781,22.927189620764935,0.0,0
45.633779964543706,31.411695032818628,15.280177453764484,1.2183252672732918,0
39.95291930818895,40.80488715182922,8.604608064803173,1.1647893061558026,0
45.02791463131041,38.80324455627833,18.0163850897082,6.6191621666516545,1
46.818461174548965,34.25028498478663,14.418643561620797,0.02135874372959279,0
46.61241747154884,44.54284609312012,17.82011689149883,6.561649678834995,1
34.54840207239633,20.0,22.014436242016863,4.673450449179377,1
52.75833757040199,66.66356415480682,19.742025855103275,9.220393176630196,1
46.77113420189513,25.67716193687787,18.384140091955075,2.1528325649065856,0
42.45989557846586,44.12588765901312,8.60277246082157,0.0,0
43.15977965935097,29.04160928185131,17.404689289123876,4.993864390645056,1
39.214279101972615,20.0,15.819659114592037,3.6363497569758634,1
52.06295956081284,39.73256429766086,14.553633022190713,0.0,0
50.088110693927554,27.77330128061648,19.197014025808087,0.793054716209487,0
42.95365770946146,30.213474354545948,14.540195527787432,2.35494917044668,0
38.1772006912348,26.583668821335486,12.907574722557317,3.651984815148595,1
36.350193467906756,20.0,18.34797872649829,4.8754637735076125,1
48.4570532387745,37.11915578922634,14.716861376550382,0.0,0
53.772168375738666,79.11158208923662,15.000744340816755,6.437107184474781,1
45.53368178878223,32.52278691261733,19.474739479322043,6.152923512155185,1
46.22676640097557,37.00287937484244,12.92720802946671,0.0,0
45.66818203573796,37.475195377844734,12.37687466647642,0.0,0
52.752392938123606,23.726842328579735,22.004908534788573,0.5599377193642332,0
42.801471603811436,29.52582614121525,15.5913079483551,3.4479535893690763,1
43.22738099983727,38.98224292523868,14.08432674288311,3.9014707641105346,1
47.74992018803844,56.12530476692245,12.622315308007224,2.9535686674890753,1
48.088499208814426,21.22148624181092,22.07288349190229,3.9035755021403657,0
39.50129368699555,31.49991661230952,12.975123472055865,3.8868814704386834,0
44.39211642647341,44.602791845278375,14.156376697608833,4.457684079261051,1
43.031111621588096,20.0,23.1047233202013,7.1911379150545,1
50.08835703698352,63.609500894258886,16.74269476572995,7.4099985968460125,1
47.13461225734579,45.265855607080866,9.660649099453224,0.0,0
45.994123567588815,28.06652467054317,20.828451609367058,6.083680019633045,1
39.65926152284149,20.9332772792786,15.481435704864786,3.7420410083129045,1
34.93946760821615,20.0,16.6297946193652,3.694455981209348,1
49.384604746487675,63.725545610425755,13.752449326681838,4.77883443465957,1
44.873827088453886,35.652881703156254,17.162744892964795,5.003705056145964,1
34.57141196791167,20.0,19.33165980052781,2.4875281736305763,1
42.672651371468184,38.524120508169766,10.40689036691635,0.24881516369806,0
37.54854680037149,20.0,18.210155427681038,2.840310712345229,1
53.46057747055164,33.11586590135481,18.353522918632557,0.0,0
48.20832471504466,58.75648754915074,14.946197264748132,5.777999888545054,1
45.36243624352073,31.618087744893664,15.023654473452881,1.2207863014082743,0
44.7485999210236,40.806958046926695,16.679201968183495,5.91862137785507,1
49.25032936461113,20.0,23.393488874492363,3.099149259160345,0
38.444839016818484,20.702171208221543,14.001074106943449,3.0923644521891736,1
47.29758370281181,22.358651402580914,20.21769606837524,2.844908560938892,0
44.34301392548322,31.564119951540498,14.525895523648812,1.5219676999726195,0
38.62556214061199,20.0,16.627901426727277,4.328013718546111,1
36.46310321246341,20.0,14.894781413539533,2.7725055464572987,1
52.769321598286176,31.841678388959796,18.70660615568633,0.0,0
45.672575337444904,35.20274598480274,13.661904221414241,0.4079147712311961,0
43.30513748045458,26.962321721275924,15.284559297539863,2.026755474370439,1
47.51147371935457,35.14735896665389,15.232089106563746,0.556320318941276,0
39.62990097623185,31.535130183956092,12.91724755801859,3.724988072620716,1
47.37013813406237,34.374169354722326,19.302653160861485,4.902389871400151,1
44.03022085791772,21.985727203060836,19.481256862881743,4.692701147464721,1
46.719409653349686,50.38280269075729,15.247965284497099,5.187337000747046,1
36.60565364544849,20.0,15.695847491366427,2.4843408976058674,1
52.75767899894661,22.347475122867706,22.736706407703583,0.9940382031715087,0
52.30780221459796,24.988664939553722,21.38773169431787,0.5891894128776651,0
49.9518794682086,20.0,22.290467356020006,2.2480652096712603,0
51.63118492712781,31.839874483158106,17.93321648564853,0.0,0
44.39671921487477,32.18449485339751,14.49852134574822,1.6078321341050712,0
48.186003057553506,34.362880832867184,15.630736196906227,0.21985721587870044,0
36.985864109760264,20.0,25.66128155498597,5.043553153749414,1
44.88194888002835,20.0,20.070333420310654,4.017796653027711,0
41.93544724507751,27.970232463864026,16.01156694335335,4.229655321311169,1
50.182885625069986,24.743262462906273,19.977027007025157,0.7766409434157788,0
46.16666151513753,32.512484682748095,15.205050274773427,0.9741050071951864,0
49.2174203097092,25.795436483036287,19.848393801664518,1.7206447039713821,0
51.551944817035356,25.319094849973304,20.73213838487193,0.5968375766515659,0
43.62614750474272,36.306281776318976,16.181662271443887,5.154270413756943,1
35.05963783615614,20.0,19.925426563483104,4.2992200782228265,1
49.37390499236632,38.39567276619511,14.124783026989164,0.0,0
47.803203334771005,23.43432506418779,20.45870395067073,2.9609569105549207,0
48.38891533941744,29.294622394385964,17.68189320864662,0.9670453510112562,0
40.57723002387018,27.807014504320477,14.017010671224265,3.1590933684253417,0
43.8779509960322,21.923495385015542,18.827925713382896,4.093874193869651,0
42.60930576061827,32.56532334967959,17.065806801945357,6.00095528215719,1
44.68309892081241,35.83330368167615,17.439861462076454,5.5121528134395605,1
45.859689091645215,25.861981211744506,18.393300662268032,2.9765559781882995,0
50.49985039746693,49.515257168695015,18.842066020727408,5.695322160642244,1
52.48546341162923,20.0,24.653301897201434,2.176777700515155,0
44.00096586681447,30.13656706082425,18.90763851918656,6.205594426156102,1
41.631115743908175,30.06093081297444,17.16963709823638,6.286840811730077,1
47.11021868597116,30.47997730049095,16.297276850843293,0.8425912237314757,0
37.82905273038001,20.0,20.24428895748939,5.131174738111102,1
44.96422873680313,46.430953592908985,13.557928044616487,3.7997615759398884,1
47.63172116519923,37.109327265049394,14.217455890167482,0.0,0
31.8960130243358,20.0,18.216098978280883,2.9496930401347075,1
43.733374951115564,28.69864853286935,16.84044248581725,3.8092615890014248,1
34.50423208100238,20.0,20.999266494492264,4.58700287858842,1
40.65875871585409,20.0,19.245869229021643,5.600441985241178,1
46.86028207998169,20.0,22.072848645911158,4.113182107288533,0
52.53039923838679,39.57115179370341,15.122750571218113,0.0,0
39.433818610312024,20.0,20.82375816014153,4.403242496764069,1
52.331232090068035,35.505106010102566,16.620179360989624,0.0,0
41.15888869557549,21.39995423507294,16.287174904903637,3.4793069937229864,1
42.19513033059634,37.199029114806166,14.308505696016958,4.550579219691363,1
49.56480210659019,27.21971100826466,19.284047740649005,1.1839864108037692,0
39.708795966044796,20.0,16.766904645437833,3.9131468907965776,1
39.9174771781547,20.0,16.620657270199274,3.583241469964057,1
36.32664247008467,20.0,18.846804317070653,3.8226375705422666,1
38.435250755104555,20.0,21.996453532650186,4.665266045483982,1
48.1951407915274,53.83246729551856,13.509783323303854,2.95060886446377,1
42.35478906961257,26.321809806981044,19.67035002811389,7.4298824447388885,1
46.111320079874716,26.535642917145328,17.85635822700008,2.3556444924077686,0
43.15112654548134,42.03291685356251,13.067779641104817,3.650384325189565,1
50.94240716288767,29.014477882394445,18.72447626003909,0.0,0
39.26106841682058,20.0,22.09863398227614,5.038236740885331,1
47.34418771422335,25.975659931055198,18.36029986162106,1.7227329584822635,0
49.01700904659645,25.956045997511126,19.26052242656132,1.2912206735471299,0
40.208055231631015,20.0,20.216809224243043,3.755787348018598,1
56.202590480263375,20.0,27.292917303198497,1.2543017802484928,0
47.19690916685538,54.88360779597801,14.303013044647892,4.924616087388357,1
46.61523816079138,29.306741218951466,16.59782367958817,1.281385924189906,0
41.967637966460465,34.61041115880292,11.972558065866373,1.5300246717483998,0
48.03940219781799,35.0091892431503,15.125067307363583,0.0,0
42.15480466060243,35.695656435145224,11.436832719324654,1.0712647776547581,0
44.49508003317635,37.972049947924084,15.204225102453641,3.792616442463758,1
45.12740011713875,20.0,22.713246344371736,5.192078662359283,0
50.73211165660334,21.525976389664308,22.121912953125925,1.814453426562709,0
47.44443391900335,37.60601071798165,14.034232520002162,0.0,0
40.09477936551016,50.446137278651044,4.214162090580098,0.0,0
40.01188935465907,20.0,21.38198664416465,5.431353147268659,1
50.16774173916523,20.0,23.722661340205196,2.782411223844396,0
47.00954425544496,62.56068758387283,13.47730459371202,6.1733861738186455,1
48.34513079519106,51.050872130006276,16.966680281181013,5.86391118511401,1
48.16558238680612,74.22324627254486,11.192583290650008,5.739134713334673,1
36.35467671203139,36.54606806132115,8.27773208999622,2.7290941031092313,0
36.16262174394552,20.0,17.676121784698452,3.8263975046474847,1
41.50376045688627,29.53805826194693,14.287120810629975,3.122952716595649,0
39.48709554738003,28.955591457947175,12.125721913602497,2.3155412884752495,1
51.51726554676278,29.483742087605034,19.554177610469807,0.42392311563015683,0
42.11259918028732,20.060508765494916,19.185791301186043,5.483731153555471,1
43.377614919800614,43.01941136729478,13.170156409385637,3.827075866403426,1
47.60197072941778,35.383892178458005,14.085558322621154,0.0,0
39.016375242334064,20.80482902025821,14.410257436499908,3.0838017012229817,1
49.91944911837645,31.898204025045622,17.57609623320105,0.2406046219704603,0
60.02904312624561,20.0,29.872779460356185,0.5123193201988268,0
53.408143993907586,22.76271360574235,23.124181410198823,0.9765446739617194,0
48.780084993689286,61.08762823786267,13.970436489279162,4.840303932951157,1
45.453962584878425,38.83020834750569,16.85206824383935,5.001689304105959,0
42.2815853101121,20.0,19.4088947367742,4.952500482819309,0
38.74223010104342,41.76923379261408,7.05155243402489,0.7427003940705785,0
38.376982778602205,20.0,17.586197071322665,5.127144014267539,1
44.40811054829591,20.446084744609443,20.02486070136112,4.567473261325564,1
46.14204882298754,32.74962154618205,14.66620102599356,0.4701165057549148,0
49.62504179190281,32.62065622910434,16.413411599569102,0.0,0
37.78009487579608,20.012982250077513,13.513596465336203,2.942087415782291,1
35.44351879272185,20.0,20.64415500197682,3.531343319399376,1
49.60909103515381,31.066227080579047,17.21883653359411,0.0,0
52.055319479738664,68.77099444131267,15.58284547983211,5.833184253282832,1
43.543372910138466,34.53056819293805,15.860320117810115,4.414121918371135,1
47.84708120458181,58.59613413021818,13.67516451203017,4.657447404241842,1
45.20360790598655,37.23602361743968,12.260787201161307,0.0,0
60.41590758639671,28.583093403884597,23.693425362003012,0.0,0
49.836043909253945,21.597418207145598,21.49556786185986,1.904615364366295,0
40.478238789138715,34.245574936774744,11.489059746128238,2.161067224460509,0
42.29229283154667,36.742239336220436,12.181470519910985,2.0369195933167155,0
55.6584257353607,21.236901756898412,24.11458919764151,0.0,0
43.15652739478309,20.0,20.56566060259626,5.249636782776424,0
47.00113791570192,34.82785542226531,14.39124774162258,0.0,0
52.26576532346886,28.55241572832699,19.51794461735198,0.0,0
55.66785889845001,23.786371708208552,23.779795671079718,0.05617195224576266,0
43.16421958853384,28.086422736053734,15.525240082508647,2.6982667654212205,0
45.069732012062,39.63116029571465,16.01166951433516,4.617984050636171,1
40.69760151035966,20.0,19.3488957194254,6.378802319821816,1
42.78396136693213,22.778577022686996,20.31446231362476,6.851667830412581,1
46.40006095149912,24.426334919785745,18.35595200174967,2.1098287384262973,0
44.67053261971841,20.0,26.3117077113026,6.859648583087692,1
41.39220062495105,27.47941120014774,16.489996895188185,5.07934044172892,1
48.52122857647862,36.26409199703138,14.299676095696814,0.0,0
49.7598421236168,20.0,23.833974337491213,3.637061403642119,0
45.74204825472861,37.90919745819906,19.88114442668832,7.815761579009406,1
43.08654362437884,42.82819849571002,9.244928358652805,0.0,0
48.110616423244466,32.50621979403148,15.901930825307382,0.09704408249104679,0
45.859399917715606,25.163906443126578,18.18951650915994,2.5742337624845586,0
46.08575215900878,30.131430623349928,16.38263981365452,1.7059519571231232,0
43.099132365275175,30.036029879952885,14.620933929339945,2.274548227661622,0
43.172482370477425,20.0,22.96366616941004,5.783303928782774,1
39.096783447844615,20.0,18.11925988375804,4.524710070939836,1
42.99474322866405,35.61218355441831,12.54712739814583,1.5515557831306865,0
46.47482435789585,26.44097341123171,16.909493505148454,0.9957341164749662,0
42.088522381259246,34.71906375191139,12.000247990067262,1.4867245876941932,0
44.86345562476327,26.067875455110944,17.32339351306003,2.7032512920061027,0
39.244739806633646,20.0,16.26950573496199,4.209691988549601,1
50.08307696652828,55.1338523914848,16.882759981340488,5.370362512835068,1
52.190661003493176,27.93780726446924,19.508959698643054,0.0,0
41.1722829101064,20.0,23.742777310965188,5.929375180053231,1
48.919909317951934,67.87384558610789,13.226939940551762,5.672706674445605,1
40.723222211852324,22.400777354461333,17.52947220401997,5.456030130024875,1
45.139933694955246,41.76819811565912,17.245324420573475,6.454683369323199,1
44.86881955046316,20.0,20.691161396703954,4.564957847279825,1
44.87110654876509,54.21851488082592,12.206061547811519,4.425654429675795,1
49.251810118268985,32.31240350983374,17.20178704618372,0.5017949945491713,0
41.17325011216724,35.48389391516551,15.25037123569733,5.9892656419594505,1
42.10796412309688,29.305070525568347,15.772495338335476,4.1705655170275495,1
44.376730235731806,37.4496444416305,16.692579783417663,5.375612801688348,1
41.79287607421496,46.019981718546035,7.44452201730666,0.0,0
42.659165207191144,24.38787925681823,19.39180500265705,6.36997159254308,1
43.42490485398395,24.319114375302316,17.834244092027223,4.01451316463427,0
49.8337513660082,78.99097843533289,12.033913928195174,6.48809224259236,1
56.26026633438502,25.625281618080393,22.92739523337507,0.0,0
48.57349967258059,31.587179678008635,17.174884161910924,0.8545604032046614,0
42.477240306375066,25.801270490117343,18.056726070104954,5.436906072971027,1
38.27211883238738,20.0,18.369925426826217,4.502882779331413,1
43.81103959638041,20.633463465064104,21.186781108828654,6.381591605307247,1
52.781631553627655,32.75547930555709,17.876770331162852,0.0,0
50.77358431678975,20.0,24.29679318742694,2.945029569569427,0
44.37095362445079,25.327468543925367,20.73645479460288,6.637706576655821,1
50.69903214497448,39.47846938854302,13.956476852868839,0.0,0
46.994409480575435,22.07189140485668,19.861734930856617,2.63815572123394,0
39.37586915141669,20.0,18.303456271874488,3.7922457948733443,1
48.548570158506536,59.00707287994456,15.732534499340211,6.412361514291868,1
43.955341195821504,20.560168572692696,19.355627085341276,4.249542174340197,0
50.17864205143388,20.0,22.475266609220057,2.182490914663358,0
45.63983463584093,50.66094340026622,14.145308134614716,4.967161260204245,1
41.41033778447574,28.820374486039412,14.465251975272388,3.209227633678334,0
37.1464535623658,20.0,15.955535095445187,4.515024368719044,1
35.074108146009635,20.0,16.50241675375215,3.630901816412633,1
52.55932255303622,23.507124112380502,22.638929956464242,1.3548754206009996,0
43.259546187271084,20.0,19.729699363186224,4.590384265541943,1
52.95313098937384,27.496207753964615,19.90023235013947,0.0,0
48.443582981453595,31.37383698187086,16.721326965705337,0.4150912088830654,0
55.57702066561366,20.117742152635728,24.816302199411574,0.3092321893901273,0
39.99047223996215,23.22419257884389,16.479378191738355,5.142906107588651,1
33.70068820963821,20.0,23.242238494297993,5.743993143559616,1
42.352042343758654,43.46967038806168,12.059270900166458,3.5971766943953014,1
36.43963079144159,20.0,18.039128635314984,4.147505994239103,1
44.91992301703985,34.65579173822671,13.78805523039745,1.0358269378345626,0
37.58090516606023,20.0,15.767637929515386,4.314514320789026,1
41.43629450178446,35.800773885002144,14.889449400088282,5.457768399338356,1
49.62083683807933,29.94511481330095,18.14605141351358,0.6053444069216218,0
38.602519176265986,20.0,16.101112477602122,4.728337459266547,1
37.81247226850583,20.0,15.088588655463392,2.49427557427205,1
52.74628409776159,22.900444630960443,22.575908053607836,0.9720072935786006,0
40.1380782270994,20.0,19.94771137095053,4.593261351063999,1
48.17131507788965,31.808281451810707,16.437370532842912,0.4475871847016073,0
43.32503535012893,30.03691517736644,17.692779326728534,5.426297648254573,1
47.985612678366856,22.76209578951302,20.270963801464532,2.429267084827809,0
42.167102491777676,40.28518117282822,13.232217777030566,4.203181261302758,1
44.09593259933338,31.537208888139233,17.996488097796213,5.497680025227092,1
36.434911362798246,20.0,15.669958119780992,4.4268208455694795,1
46.5007477816828,68.72930003020193,9.84431678561347,4.2477705937905395,1
49.23616781864279,50.478653548495025,18.289298960598824,6.405560552086822,1
43.111582079419634,38.13872693852332,15.188888659436039,4.9816461863790185,1
42.752030020673274,25.44293541384105,17.415296334782404,4.415443551954771,1
43.511543769051855,21.86987237841965,20.871971815671372,6.611232371707571,1
37.84961427118032,38.01838617014037,8.780431266002989,2.4012820786484563,0
50.974821769777016,62.01227369302522,17.63433498345851,7.2210750885451755,1
53.31921156396572,20.0,27.341040430968103,2.3652891834806766,0
45.54943891745965,29.855743782310192,16.217080330373165,1.9050751759379567,0
49.430508758648465,32.235747208483254,16.89916235892321,0.002599785993533388,0
37.27900729903433,20.0,19.905859028585063,4.725499992069965,1
39.97402662997456,24.915321645671913,14.39739607475515,3.3303375439744025,1
53.431673020513315,87.64848231140428,12.434260786349821,6.143872953716988,1
45.319679031904826,51.78827350813676,13.578578659000767,4.91187331615056,1
42.849388357481224,46.531535878255305,12.72900861378729,4.701232392008247,1
44.04213601274926,52.09088677358882,13.353934349857035,5.819428510077831,1
42.16300857387016,20.0,19.18706254888989,5.042790121289292,1
48.90071756104627,40.38864034615381,12.876747974231433,0.0,0
39.74520165844427,35.93267868700082,10.542531223102847,2.1846568359496077,0
45.38778146654805,65.56240086470558,10.710879297004855,5.304866852427419,1
53.79756239849429,29.677272737951313,20.480799865896255,0.0,0
43.07813631186121,30.51820550014838,14.192390091547555,1.9510040249511205,0
38.53305691516486,21.915323422426795,16.25128496037829,5.780243526782031,0
36.64039461104895,20.0,15.3474775451736,3.0187298003531944,1
46.94014915976703,35.73726464473664,13.948751834342243,0.0,0
48.408782248455104,22.20508462747209,20.672874771160235,2.3665124494817915,0
